actual_duration_band,predicted_duration_band,prediction_confidence,source_row_index,prob_long,prob_medium,prob_short,prob_very_long
short,short,0.53015465,2973,0.00029164593,0.46822935,0.53015465,0.0013243239
medium,medium,0.85491157,2974,0.00046699826,0.85491157,0.1430156,0.0016057699
short,medium,0.53391016,2975,0.0005658128,0.53391016,0.46449095,0.0010331158
short,very_long,0.7966848,2976,0.1371479,0.025750393,0.040416896,0.7966848
short,very_long,0.79892796,2977,0.047962565,0.112020075,0.04108936,0.79892796
short,medium,0.855498,2978,0.0004818911,0.855498,0.14305365,0.000966479
short,medium,0.9099622,2979,0.00034044753,0.9099622,0.08852083,0.0011766169
very_long,very_long,0.9210897,2980,0.03273595,0.014363924,0.03181046,0.9210897
long,very_long,0.65171474,2981,0.28291762,0.033248402,0.03211928,0.65171474
short,medium,0.5110723,2982,0.00017935995,0.5110723,0.48663732,0.0021110624
medium,medium,0.53339595,2983,0.00029928747,0.53339595,0.4643544,0.0019503621
short,medium,0.6973107,2984,0.00063079846,0.6973107,0.3006115,0.0014469833
short,medium,0.56199795,2985,0.0009829653,0.56199795,0.43481198,0.0022071023
short,medium,0.5734665,2986,0.0005479536,0.5734665,0.42205682,0.0039287377
medium,short,0.57098895,2987,0.00030914694,0.4265391,0.57098895,0.002162813
medium,very_long,0.89412135,2988,0.010922174,0.016501607,0.07845491,0.89412135
medium,medium,0.62223214,2989,0.00024432896,0.62223214,0.3759444,0.0015790679
very_long,very_long,0.82504857,2990,0.066797934,0.018263297,0.08989022,0.82504857
medium,medium,0.6050355,2991,0.00070072047,0.6050355,0.39205438,0.0022093644
long,very_long,0.6005805,2992,0.17544995,0.098896585,0.12507293,0.6005805
short,short,0.6584433,2993,0.0009277009,0.3381387,0.6584433,0.0024902967
short,medium,0.6493239,2994,0.00097006315,0.6493239,0.34416887,0.005537146
short,medium,0.6898119,2995,0.00075842947,0.6898119,0.30841315,0.0010164988
short,medium,0.5843633,2996,0.00022612231,0.5843633,0.41410652,0.0013040436
very_long,very_long,0.9539632,2997,0.015262807,0.008521227,0.022252725,0.9539632
short,short,0.6439265,2998,0.002001262,0.34729746,0.6439265,0.006774816
long,very_long,0.6237962,2999,0.19047199,0.13694656,0.048785172,0.6237962
very_long,very_long,0.92383534,3000,0.020662852,0.025343334,0.030158477,0.92383534
medium,medium,0.5468094,3001,0.00062612863,0.5468094,0.45057443,0.001990064
short,medium,0.64377946,3002,0.00043759425,0.64377946,0.35414127,0.0016416522
medium,short,0.49960625,3003,0.0004558675,0.49849534,0.49960625,0.001442522
medium,very_long,0.58130884,3004,0.32468188,0.06577963,0.02822966,0.58130884
short,medium,0.82565796,3005,0.00023655436,0.82565796,0.17109697,0.0030085603
medium,short,0.69032806,3006,0.0010354377,0.30668223,0.69032806,0.0019542428
short,medium,0.77327716,3007,0.0005684506,0.77327716,0.22322592,0.0029285115
medium,medium,0.6711588,3008,0.00050886685,0.6711588,0.32472542,0.0036068757
short,short,0.5632124,3009,0.00047685136,0.4351696,0.5632124,0.0011411383
short,short,0.6346112,3010,0.00088011165,0.36311185,0.6346112,0.001396829
short,short,0.64028883,3011,0.00036484783,0.3575688,0.64028883,0.001777471
medium,short,0.560671,3012,0.0013321268,0.43575576,0.560671,0.0022411093
short,medium,0.78555965,3013,0.00018440037,0.78555965,0.21166821,0.002587782
medium,long,0.5851336,3014,0.5851336,0.14837605,0.03639443,0.2300959
short,medium,0.7056059,3015,0.0004992539,0.7056059,0.29182336,0.0020714765
very_long,medium,0.4972843,3016,0.022307653,0.4972843,0.116830654,0.3635774
short,very_long,0.47679394,3017,0.27921158,0.13481297,0.10918154,0.47679394
short,medium,0.69879335,3018,0.00020377988,0.69879335,0.29934195,0.0016609402
medium,very_long,0.6287175,3019,0.20545307,0.09868859,0.0671409,0.6287175
medium,short,0.5181153,3020,0.00037734868,0.48019478,0.5181153,0.0013125986
short,medium,0.6791381,3021,0.0010859723,0.6791381,0.31691465,0.0028612749
medium,medium,0.83373207,3022,8.1973056e-05,0.83373207,0.1640929,0.0020930707
short,short,0.62064016,3023,0.00025402696,0.37664467,0.62064016,0.0024611289
short,short,0.63419074,3024,0.0005097961,0.36365232,0.63419074,0.0016471192
short,medium,0.83062637,3025,0.00032505,0.83062637,0.16792004,0.0011285297
medium,medium,0.5569046,3026,0.00023842738,0.5569046,0.44116497,0.0016919567
short,medium,0.5048348,3027,0.0012788944,0.5048348,0.4925306,0.0013557284
short,medium,0.5090181,3028,0.0009902094,0.5090181,0.48724014,0.0027515548
short,medium,0.64375645,3029,0.0010189139,0.64375645,0.3507836,0.0044410634
short,short,0.59723157,3030,0.0003962382,0.40046206,0.59723157,0.001910155
medium,medium,0.74643636,3031,0.00026548916,0.74643636,0.25003076,0.0032674
medium,very_long,0.72268575,3032,0.057808597,0.12945406,0.09005161,0.72268575
short,short,0.5271032,3033,0.00037235714,0.47027203,0.5271032,0.0022524204
very_long,very_long,0.9828994,3034,0.00505136,0.0033410257,0.008708271,0.9828994
short,medium,0.8932744,3035,0.001091899,0.8932744,0.10361581,0.0020178887
very_long,very_long,0.73581046,3036,0.11558077,0.077814244,0.07079453,0.73581046
short,medium,0.5149115,3037,0.00024500932,0.5149115,0.48228925,0.002554221
short,short,0.50136316,3038,0.0003870753,0.49426597,0.50136316,0.003983808
short,medium,0.7786263,3039,0.00018489543,0.7786263,0.2200765,0.0011122985
short,very_long,0.94350004,3040,0.011177771,0.0145364255,0.030785743,0.94350004
short,very_long,0.8953003,3041,0.008632156,0.016767625,0.07929989,0.8953003
very_long,very_long,0.82338876,3042,0.07954426,0.053523805,0.04354314,0.82338876
medium,very_long,0.9692151,3043,0.015683496,0.008214411,0.0068870476,0.9692151
medium,very_long,0.96326196,3044,0.01449289,0.00980963,0.012435518,0.96326196
medium,very_long,0.9617683,3045,0.012033884,0.012020247,0.014177474,0.9617683
medium,very_long,0.86432725,3046,0.036538213,0.027550114,0.07158445,0.86432725
short,very_long,0.94086,3047,0.014435313,0.025084512,0.019620158,0.94086
long,very_long,0.94325626,3048,0.008932985,0.0136462245,0.034164507,0.94325626
short,very_long,0.954809,3049,0.019489855,0.018095937,0.007605231,0.954809
very_long,very_long,0.9593697,3050,0.0072729304,0.017123275,0.0162341,0.9593697
short,very_long,0.88944733,3051,0.04681175,0.040797956,0.022942992,0.88944733
medium,very_long,0.8059813,3052,0.0057975417,0.05997752,0.12824365,0.8059813
very_long,very_long,0.9452256,3053,0.011641119,0.020908661,0.0222246,0.9452256
very_long,very_long,0.9605931,3054,0.016998956,0.014624446,0.007783431,0.9605931
medium,very_long,0.9551674,3055,0.012623694,0.0077674743,0.02444142,0.9551674
short,short,0.6723747,3056,0.0023313113,0.3099572,0.6723747,0.015336761
very_long,very_long,0.97598755,3057,0.0037194544,0.0054014227,0.014891615,0.97598755
very_long,very_long,0.9772389,3058,0.0056889555,0.007836602,0.009235588,0.9772389
short,very_long,0.95698535,3059,0.010436703,0.009615099,0.022962838,0.95698535
short,very_long,0.9606481,3060,0.011131614,0.008508728,0.019711567,0.9606481
very_long,very_long,0.9397224,3061,0.011344321,0.019168517,0.02976477,0.9397224
very_long,very_long,0.9501856,3062,0.0077456976,0.012850775,0.02921789,0.9501856
long,very_long,0.86246836,3063,0.03378196,0.043191195,0.060558483,0.86246836
long,very_long,0.9685081,3064,0.011421613,0.0065906453,0.013479695,0.9685081
long,very_long,0.9277061,3065,0.01607239,0.010677087,0.045544475,0.9277061
long,very_long,0.92333347,3066,0.023577267,0.019897452,0.033191837,0.92333347
medium,very_long,0.79275686,3067,0.038128737,0.11660141,0.052512985,0.79275686
short,very_long,0.7458988,3068,0.014297429,0.079796575,0.16000722,0.7458988
short,very_long,0.93580496,3069,0.018282007,0.024126308,0.02178677,0.93580496
short,very_long,0.8436365,3070,0.00609122,0.046882734,0.10338955,0.8436365
very_long,very_long,0.85124195,3071,0.016913781,0.050651573,0.08119271,0.85124195
very_long,very_long,0.94564414,3072,0.018724794,0.02950379,0.006127289,0.94564414
medium,very_long,0.7436057,3073,0.026190737,0.14365488,0.0865487,0.7436057
very_long,very_long,0.84493595,3074,0.013727737,0.053821534,0.08751478,0.84493595
very_long,very_long,0.9242298,3075,0.048230454,0.019433817,0.008105907,0.9242298
very_long,very_long,0.91927963,3076,0.037691746,0.034235194,0.008793378,0.91927963
very_long,very_long,0.91616964,3077,0.049522277,0.010772758,0.023535274,0.91616964
medium,very_long,0.896498,3078,0.012417345,0.010319061,0.08076562,0.896498
very_long,very_long,0.9728448,3079,0.0077109286,0.010005255,0.009439067,0.9728448
short,short,0.70647764,3080,0.001408187,0.28962508,0.70647764,0.0024891489
medium,medium,0.66702896,3081,0.00019270755,0.66702896,0.33019206,0.0025862604
very_long,very_long,0.9141314,3082,0.031313088,0.02449703,0.030058458,0.9141314
short,short,0.5862718,3083,0.0003661582,0.4121802,0.5862718,0.0011818345
very_long,very_long,0.95405483,3084,0.017859558,0.0066875853,0.021398038,0.95405483
short,very_long,0.8342965,3085,0.023137653,0.10542258,0.037143197,0.8342965
very_long,very_long,0.9468469,3086,0.026681062,0.008181303,0.018290734,0.9468469
medium,medium,0.6817183,3087,0.00046322102,0.6817183,0.31633124,0.0014872164
medium,short,0.528582,3088,0.00048426597,0.46900603,0.528582,0.0019277536
short,medium,0.8551678,3089,0.0026556961,0.8551678,0.14106779,0.0011086705
medium,medium,0.65075034,3090,0.0002669379,0.65075034,0.34647572,0.0025069932
very_long,very_long,0.6537382,3091,0.09437799,0.20956708,0.04231672,0.6537382
medium,very_long,0.70334256,3092,0.03913194,0.23324907,0.024276417,0.70334256
medium,medium,0.7776372,3093,0.00031451337,0.7776372,0.22037666,0.0016716411
short,medium,0.8711087,3094,0.00031528185,0.8711087,0.12566787,0.0029081616
short,medium,0.6616047,3095,0.0016120066,0.6616047,0.33384755,0.0029357467
medium,very_long,0.9637738,3096,0.011482365,0.007095424,0.01764838,0.9637738
medium,very_long,0.74872553,3097,0.041469254,0.04930491,0.16050029,0.74872553
short,medium,0.78516346,3098,0.0008225182,0.78516346,0.21244319,0.0015708241
short,medium,0.7041579,3099,0.00033293097,0.7041579,0.29147106,0.0040381737
short,medium,0.796958,3100,0.00048130713,0.796958,0.2002618,0.0022988303
medium,very_long,0.7432101,3101,0.091867365,0.07247467,0.09244782,0.7432101
short,medium,0.8820794,3102,0.0009490267,0.8820794,0.11589917,0.001072413
medium,medium,0.66543806,3103,0.0006370756,0.66543806,0.3318409,0.0020839926
short,short,0.61752194,3104,0.0009177689,0.37894246,0.61752194,0.0026178448
long,very_long,0.5733218,3105,0.35935393,0.047232922,0.020091329,0.5733218
short,medium,0.77349895,3106,0.0003273667,0.77349895,0.22418243,0.0019912058
short,very_long,0.84359056,3107,0.032667305,0.049510363,0.07423176,0.84359056
short,medium,0.85939175,3108,0.0005455803,0.85939175,0.13588409,0.004178558
short,short,0.41374865,3109,0.12932606,0.19331361,0.41374865,0.26361173
short,medium,0.6023195,3110,0.00045663258,0.6023195,0.3948116,0.0024122645
short,medium,0.769514,3111,0.00046613152,0.769514,0.2288576,0.0011622146
very_long,very_long,0.9174733,3112,0.052480303,0.01149498,0.018551432,0.9174733
long,long,0.54953486,3113,0.54953486,0.016568402,0.0069720577,0.4269247
short,medium,0.7396418,3114,0.00023623995,0.7396418,0.25844234,0.0016796306
short,medium,0.5313007,3115,0.0003229579,0.5313007,0.46658802,0.0017883205
very_long,very_long,0.5762962,3116,0.19293939,0.12156519,0.10919924,0.5762962
long,short,0.5687537,3117,0.015596847,0.35786197,0.5687537,0.057787463
short,medium,0.7617461,3118,0.00014453607,0.7617461,0.23667395,0.0014353724
short,medium,0.8363274,3119,0.0009040035,0.8363274,0.15933912,0.0034295206
medium,medium,0.88940537,3120,0.0021358116,0.88940537,0.106744446,0.0017144397
short,medium,0.8765536,3121,0.00023293956,0.8765536,0.12171998,0.0014934991
short,medium,0.7544192,3122,0.0008609696,0.7544192,0.23968686,0.0050329417
short,short,0.5080813,3123,0.017331028,0.12342482,0.5080813,0.35116285
short,medium,0.5989748,3124,0.0002577796,0.5989748,0.39935225,0.0014151485
medium,medium,0.56135654,3125,0.0003806251,0.56135654,0.43600002,0.0022627846
medium,medium,0.53985846,3126,0.00019297218,0.53985846,0.45812827,0.001820288
short,very_long,0.86009234,3127,0.021991596,0.037620887,0.08029515,0.86009234
medium,short,0.7588592,3128,0.01820027,0.15929425,0.7588592,0.06364627
short,medium,0.89152676,3129,0.0015746882,0.89152676,0.105774686,0.0011238945
short,medium,0.50823903,3130,0.0005712571,0.50823903,0.49016935,0.0010203873
very_long,long,0.5712358,3131,0.5712358,0.012474359,0.0051939012,0.411096
medium,medium,0.52859443,3132,0.00039338166,0.52859443,0.46912485,0.0018873011
short,medium,0.7905548,3133,0.0007344425,0.7905548,0.20579141,0.0029193496
short,very_long,0.8940875,3134,0.018616335,0.022440538,0.06485561,0.8940875
short,very_long,0.9700179,3135,0.010605194,0.012116034,0.007260849,0.9700179
short,very_long,0.97119415,3136,0.009786185,0.012056802,0.0069628684,0.97119415
short,very_long,0.97827977,3137,0.00936724,0.0076659033,0.0046871295,0.97827977
short,very_long,0.97799623,3138,0.009364525,0.0077638417,0.0048754225,0.97799623
short,very_long,0.97729295,3139,0.0085851895,0.009462203,0.004659668,0.97729295
short,very_long,0.9772569,3140,0.0077006244,0.008353549,0.006688948,0.9772569
short,very_long,0.9754877,3141,0.008164153,0.00896235,0.0073857387,0.9754877
short,very_long,0.97802347,3142,0.008449784,0.0090066325,0.0045201634,0.97802347
short,very_long,0.97189385,3143,0.010818296,0.01036786,0.006920019,0.97189385
short,medium,0.55423075,3144,0.00063078076,0.55423075,0.43950692,0.0056315623
short,very_long,0.96904594,3145,0.009652693,0.014388802,0.0069126375,0.96904594
short,very_long,0.97711015,3146,0.009003479,0.00877333,0.005113004,0.97711015
short,very_long,0.97912264,3147,0.008083519,0.0073093167,0.005484463,0.97912264
medium,medium,0.6584276,3148,0.00032576176,0.6584276,0.33990103,0.0013456242
medium,medium,0.87370247,3149,0.0004225908,0.87370247,0.12468638,0.0011885298
short,short,0.5941449,3150,0.00069199444,0.40376255,0.5941449,0.0014005975
short,medium,0.5523059,3151,0.00044541183,0.5523059,0.44326892,0.0039797337
very_long,very_long,0.94906145,3152,0.010122833,0.010688111,0.03012766,0.94906145
very_long,very_long,0.77728647,3153,0.022525208,0.07304755,0.12714076,0.77728647
short,medium,0.7742295,3154,0.005357308,0.7742295,0.21808514,0.0023280561
medium,very_long,0.90036684,3155,0.016180728,0.040025957,0.043426473,0.90036684
short,very_long,0.7470438,3156,0.025531303,0.12127874,0.10614616,0.7470438
medium,medium,0.5604699,3157,0.0012887113,0.5604699,0.43566146,0.0025798855
short,very_long,0.861466,3158,0.0062505463,0.032391116,0.09989231,0.861466
short,short,0.50414264,3159,0.0012132104,0.49348718,0.50414264,0.0011569427
medium,short,0.58564967,3160,0.00039271737,0.41087377,0.58564967,0.0030838293
medium,very_long,0.89608353,3161,0.019648032,0.024399575,0.059868846,0.89608353
short,short,0.61619425,3162,0.00038091582,0.38164943,0.61619425,0.0017754011
long,very_long,0.9487787,3163,0.0087352,0.01601691,0.026469206,0.9487787
very_long,very_long,0.9587754,3164,0.010088302,0.010349438,0.020786826,0.9587754
very_long,very_long,0.9422296,3165,0.019349407,0.010201508,0.028219515,0.9422296
medium,very_long,0.8896726,3166,0.009849271,0.06887713,0.031600975,0.8896726
short,short,0.59429073,3167,0.00023049503,0.40297642,0.59429073,0.00250237
short,short,0.557417,3168,0.00023095476,0.43981048,0.557417,0.0025416354
very_long,very_long,0.92741317,3169,0.02672162,0.017616445,0.028248798,0.92741317
short,very_long,0.63456595,3170,0.04588918,0.24073052,0.078814305,0.63456595
very_long,very_long,0.8636809,3171,0.030495811,0.015053434,0.09076982,0.8636809
very_long,very_long,0.82879454,3172,0.04466121,0.0964385,0.030105764,0.82879454
long,very_long,0.9206426,3173,0.023428554,0.018125571,0.037803296,0.9206426
short,very_long,0.90588397,3174,0.01588164,0.015575294,0.06265903,0.90588397
short,very_long,0.95622855,3175,0.02023625,0.010488493,0.0130466195,0.95622855
short,very_long,0.73169893,3176,0.018081868,0.09946216,0.15075703,0.73169893
medium,very_long,0.7409646,3177,0.055050366,0.12354047,0.08044459,0.7409646
short,very_long,0.927669,3178,0.004131447,0.012755022,0.05544458,0.927669
medium,very_long,0.94796044,3179,0.009470387,0.010472431,0.032096744,0.94796044
very_long,very_long,0.79923785,3180,0.015667094,0.042219654,0.1428754,0.79923785
short,medium,0.54861027,3181,0.007813268,0.54861027,0.05316442,0.39041203
medium,very_long,0.5908626,3182,0.009665473,0.2963092,0.10316278,0.5908626
long,very_long,0.9388662,3183,0.009370074,0.01030831,0.041455444,0.9388662
short,medium,0.64736956,3184,0.0002601855,0.64736956,0.3513389,0.0010313148
medium,short,0.68780315,3185,0.0013752526,0.30797082,0.68780315,0.0028507926
medium,very_long,0.95297045,3186,0.030306602,0.007607712,0.009115282,0.95297045
short,short,0.728125,3187,0.00046463468,0.25923803,0.728125,0.012172315
very_long,very_long,0.9504864,3188,0.018596102,0.008661798,0.022255674,0.9504864
very_long,very_long,0.91139084,3189,0.050313473,0.013166638,0.025129078,0.91139084
very_long,very_long,0.8823009,3190,0.027426876,0.03926876,0.051003523,0.8823009
very_long,very_long,0.87930053,3191,0.061228175,0.035462562,0.02400868,0.87930053
short,short,0.5698351,3192,0.0008275501,0.4267368,0.5698351,0.0026005413
short,long,0.62107074,3193,0.62107074,0.025752168,0.008374717,0.34480235
long,very_long,0.520852,3194,0.46467534,0.010261227,0.004211376,0.520852
short,medium,0.60309637,3195,0.00024723526,0.60309637,0.39522204,0.0014343795
very_long,very_long,0.9607377,3196,0.015598736,0.012148667,0.011514946,0.9607377
long,long,0.8180951,3197,0.8180951,0.0055401027,0.0024443578,0.17392048
long,very_long,0.8480483,3198,0.0980718,0.032809194,0.021070667,0.8480483
medium,medium,0.7540679,3199,0.0008631009,0.7540679,0.23231402,0.0127549535
very_long,very_long,0.87738216,3200,0.011721109,0.08527866,0.02561801,0.87738216
short,medium,0.7081414,3201,0.0006055526,0.7081414,0.28972563,0.0015274548
medium,medium,0.7943705,3202,0.00017590412,0.7943705,0.20339313,0.0020605028
very_long,very_long,0.94348073,3203,0.020366466,0.01586944,0.02028336,0.94348073
short,very_long,0.75584656,3204,0.08198196,0.037710402,0.124461114,0.75584656
medium,medium,0.7554441,3205,0.000420572,0.7554441,0.24220893,0.0019263418
short,very_long,0.80437726,3206,0.00948534,0.036454614,0.14968278,0.80437726
short,very_long,0.89434457,3207,0.01865694,0.044344004,0.042654432,0.89434457
medium,short,0.5620223,3208,0.00019213061,0.43378454,0.5620223,0.0040009446
very_long,very_long,0.9380103,3209,0.041407563,0.010450448,0.010131742,0.9380103
short,medium,0.8512061,3210,0.00040308025,0.8512061,0.14733598,0.0010548321
short,medium,0.5430319,3211,0.00075269653,0.5430319,0.45326057,0.0029548495
short,short,0.5696556,3212,0.029560586,0.04112699,0.5696556,0.3596568
very_long,very_long,0.9731765,3213,0.0088862255,0.006611534,0.011325794,0.9731765
short,medium,0.86259335,3214,0.00083616964,0.86259335,0.13531125,0.0012592055
short,medium,0.63221216,3215,0.0012683971,0.63221216,0.36484525,0.001674201
short,short,0.55488163,3216,0.00023429088,0.44313824,0.55488163,0.0017458699
short,medium,0.6645771,3217,0.00016242739,0.6645771,0.33344108,0.0018194154
medium,medium,0.51882476,3218,0.00024583025,0.51882476,0.4799699,0.00095950277
long,very_long,0.6172838,3219,0.02831477,0.25810653,0.09629486,0.6172838
short,medium,0.5190158,3220,0.00043174863,0.5190158,0.47873893,0.0018135584
medium,medium,0.57175744,3221,0.0007685425,0.57175744,0.4238636,0.0036104026
short,short,0.6073079,3222,0.0006009143,0.3903304,0.6073079,0.001760792
short,short,0.5954228,3223,0.00081259076,0.40107542,0.5954228,0.0026892019
medium,very_long,0.6927941,3224,0.04919793,0.12032207,0.13768594,0.6927941
short,short,0.5269872,3225,0.001769391,0.46955192,0.5269872,0.0016914856
medium,medium,0.7482925,3226,0.0005046869,0.7482925,0.24944174,0.0017610962
medium,very_long,0.8800541,3227,0.041564655,0.017941514,0.060439765,0.8800541
medium,medium,0.67178035,3228,0.00040909945,0.67178035,0.32569113,0.0021194026
long,long,0.6591231,3229,0.6591231,0.016665274,0.0054434165,0.31876817
very_long,very_long,0.8174905,3230,0.026641892,0.084458,0.071409546,0.8174905
short,short,0.5497282,3231,0.00033490153,0.44882387,0.5497282,0.0011130217
very_long,very_long,0.93429875,3232,0.037363645,0.016359871,0.011977667,0.93429875
very_long,very_long,0.98460877,3233,0.008916636,0.0030085454,0.0034660227,0.98460877
short,short,0.6612914,3234,0.00018965921,0.33618048,0.6612914,0.0023384446
short,medium,0.79337937,3235,0.000332298,0.79337937,0.204393,0.0018953109
medium,medium,0.58806074,3236,0.0005881319,0.58806074,0.40812653,0.0032245864
short,short,0.562448,3237,0.00032914337,0.43386757,0.562448,0.0033552458
short,very_long,0.66059583,3238,0.025973648,0.23698026,0.07645027,0.66059583
short,short,0.5370935,3239,0.0008348378,0.45915622,0.5370935,0.002915435
medium,medium,0.6566345,3240,0.00037286547,0.6566345,0.34083492,0.0021576576
short,medium,0.8659434,3241,0.00012223431,0.8659434,0.1327318,0.0012025873
short,short,0.5561581,3242,0.00027898484,0.4419769,0.5561581,0.0015859485
medium,medium,0.633481,3243,0.00052985124,0.633481,0.36335874,0.0026303548
short,short,0.5626859,3244,0.00082650204,0.43526548,0.5626859,0.0012221097
very_long,very_long,0.9776643,3245,0.011504626,0.004579206,0.006251924,0.9776643
very_long,very_long,0.96524805,3246,0.004178163,0.005434359,0.025139377,0.96524805
medium,very_long,0.41582987,3247,0.10346109,0.14179197,0.33891708,0.41582987
short,medium,0.5371377,3248,0.0003167062,0.5371377,0.46105218,0.0014934156
very_long,very_long,0.729392,3249,0.040113084,0.080384456,0.15011051,0.729392
medium,short,0.64280736,3250,0.00044267412,0.3549269,0.64280736,0.0018230303
medium,medium,0.5311265,3251,0.00031411936,0.5311265,0.46705136,0.0015079959
long,very_long,0.6712582,3252,0.15565906,0.03439559,0.13868713,0.6712582
short,medium,0.85247093,3253,0.00040620423,0.85247093,0.14587769,0.0012451953
short,medium,0.6166848,3254,0.0005102277,0.6166848,0.38112405,0.0016809357
short,medium,0.6979947,3255,0.0005193867,0.6979947,0.29986525,0.0016206829
medium,very_long,0.5656735,3256,0.07062586,0.24716705,0.11653362,0.5656735
very_long,very_long,0.86818784,3257,0.06343821,0.036362097,0.032011807,0.86818784
short,medium,0.553821,3258,0.00018410012,0.553821,0.44290963,0.003085266
medium,medium,0.5756375,3259,0.00026811543,0.5756375,0.4232399,0.0008544435
medium,very_long,0.7387365,3260,0.14960384,0.09361729,0.018042343,0.7387365
very_long,very_long,0.5221567,3261,0.09192689,0.36638469,0.019531699,0.5221567
medium,medium,0.8375603,3262,0.00059010845,0.8375603,0.14783904,0.014010566
very_long,very_long,0.39491045,3263,0.16903603,0.26534253,0.17071101,0.39491045
medium,short,0.51195616,3264,0.00036144626,0.48540264,0.51195616,0.002279774
medium,medium,0.5439818,3265,0.00074592803,0.5439818,0.45301586,0.002256396
medium,medium,0.5722334,3266,0.0025200981,0.5722334,0.42323923,0.0020072928
medium,short,0.6793451,3267,0.00060563016,0.31562257,0.6793451,0.0044267606
medium,very_long,0.7823945,3268,0.092307895,0.033307113,0.09199049,0.7823945
very_long,very_long,0.6973259,3269,0.17496976,0.052149553,0.07555478,0.6973259
short,medium,0.50284463,3270,0.0003041125,0.50284463,0.49507016,0.001781076
short,medium,0.735865,3271,0.0005755078,0.735865,0.26073873,0.0028207605
very_long,very_long,0.80128026,3272,0.015024728,0.037658792,0.14603622,0.80128026
short,very_long,0.70623803,3273,0.019547172,0.21287505,0.061339743,0.70623803
medium,medium,0.859706,3274,0.00045065887,0.859706,0.13746749,0.0023758733
very_long,very_long,0.9296323,3275,0.030752605,0.016336713,0.023278374,0.9296323
short,medium,0.6620859,3276,0.00041993504,0.6620859,0.33220848,0.005285691
short,short,0.5617791,3277,0.0006992546,0.43543476,0.5617791,0.0020869507
medium,medium,0.82720923,3278,0.00026749942,0.82720923,0.17135216,0.0011710646
short,medium,0.642809,3279,0.00025602174,0.642809,0.35436535,0.002569646
medium,medium,0.64262474,3280,0.00047155705,0.64262474,0.3534425,0.003461205
short,medium,0.62215436,3281,0.00027581467,0.62215436,0.37364557,0.0039242543
short,medium,0.81190175,3282,0.0027016224,0.81190175,0.18219146,0.003205204
medium,medium,0.5554177,3283,0.00031648876,0.5554177,0.44224933,0.0020164798
long,very_long,0.6775345,3284,0.11792118,0.19366875,0.01087549,0.6775345
long,very_long,0.791991,3285,0.031162404,0.13348423,0.0433624,0.791991
short,medium,0.4786324,3286,0.0136541575,0.4786324,0.13660276,0.37111065
short,medium,0.8077006,3287,0.0004690199,0.8077006,0.18983902,0.0019913728
very_long,very_long,0.59189326,3288,0.020566748,0.24969196,0.1378481,0.59189326
short,medium,0.7503652,3289,0.00021458328,0.7503652,0.24775428,0.0016659402
short,medium,0.74410385,3290,0.00035991997,0.74410385,0.2536465,0.0018897246
short,medium,0.6841996,3291,0.0004966616,0.6841996,0.31241626,0.002887568
medium,medium,0.79852766,3292,0.0033967241,0.79852766,0.19546515,0.0026104373
medium,medium,0.7484718,3293,0.00035721247,0.7484718,0.24928725,0.0018836947
short,short,0.63157016,3294,0.00030539714,0.36603454,0.63157016,0.0020899465
short,medium,0.5540867,3295,0.00019206606,0.5540867,0.44184282,0.0038784577
short,very_long,0.951691,3296,0.008634356,0.022744106,0.016930595,0.951691
medium,short,0.56886256,3297,0.0001797581,0.42860544,0.56886256,0.0023522465
medium,medium,0.86184853,3298,0.00020082502,0.86184853,0.13638973,0.0015609207
short,medium,0.65733176,3299,0.0009120948,0.65733176,0.33985487,0.001901316
very_long,very_long,0.9562592,3300,0.007747738,0.010102287,0.025890775,0.9562592
medium,very_long,0.97416073,3301,0.01303625,0.0047160415,0.008087027,0.97416073
medium,very_long,0.8838375,3302,0.025187843,0.03676773,0.054206938,0.8838375
medium,very_long,0.63411224,3303,0.018025232,0.23376915,0.11409341,0.63411224
very_long,very_long,0.63039297,3304,0.010232351,0.23631342,0.12306128,0.63039297
long,very_long,0.89138037,3305,0.07153103,0.020581283,0.016507342,0.89138037
long,very_long,0.69451475,3306,0.052335903,0.14408322,0.10906616,0.69451475
short,very_long,0.91112244,3307,0.032180104,0.016806833,0.039890625,0.91112244
long,very_long,0.941607,3308,0.027429227,0.012550742,0.018413093,0.941607
long,very_long,0.7139141,3309,0.08066226,0.09340892,0.1120147,0.7139141
very_long,very_long,0.8592584,3310,0.025102517,0.015029541,0.100609586,0.8592584
very_long,very_long,0.9279344,3311,0.027219318,0.02413129,0.020714998,0.9279344
short,very_long,0.93473375,3312,0.027461333,0.025111951,0.012692994,0.93473375
long,very_long,0.723218,3313,0.051526427,0.109269984,0.11598553,0.723218
very_long,very_long,0.94401896,3314,0.031834535,0.019919658,0.004226831,0.94401896
long,very_long,0.6816666,3315,0.06535859,0.11490274,0.13807207,0.6816666
short,very_long,0.94863814,3316,0.030429663,0.0046053366,0.016326822,0.94863814
short,very_long,0.7578955,3317,0.017363409,0.101272546,0.123468556,0.7578955
short,very_long,0.9468232,3318,0.034073,0.0071648043,0.011939006,0.9468232
short,short,0.7195313,3319,0.000831498,0.2769863,0.7195313,0.0026509333
short,very_long,0.8347629,3320,0.014410436,0.043646127,0.10718053,0.8347629
short,short,0.7306922,3321,0.0010646717,0.26618043,0.7306922,0.0020627207
short,short,0.6396938,3322,0.000692314,0.35529825,0.6396938,0.0043156277
short,very_long,0.6420162,3323,0.089632966,0.10805,0.16030084,0.6420162
medium,very_long,0.42516106,3324,0.3609844,0.1555888,0.05826572,0.42516106
short,medium,0.91056865,3325,0.0005087003,0.91056865,0.08749657,0.0014261351
medium,medium,0.8374837,3326,0.0005582293,0.8374837,0.16047522,0.0014828721
short,very_long,0.81925863,3327,0.12227887,0.02782156,0.030640941,0.81925863
very_long,very_long,0.63514,3328,0.05786967,0.059961334,0.24702896,0.63514
short,medium,0.6811797,3329,0.00039970316,0.6811797,0.3146903,0.0037303092
medium,very_long,0.55380553,3330,0.11052534,0.07263658,0.26303256,0.55380553
short,very_long,0.7641052,3331,0.05175174,0.049674988,0.13446812,0.7641052
very_long,very_long,0.9489015,3332,0.04110843,0.0049483757,0.005041712,0.9489015
medium,very_long,0.5348864,3333,0.2639255,0.10599853,0.09518951,0.5348864
short,medium,0.49928305,3334,0.0002788762,0.49928305,0.49762952,0.0028086063
medium,very_long,0.74490565,3335,0.030186579,0.20426315,0.02064462,0.74490565
medium,short,0.66575164,3336,0.00079041714,0.3297567,0.66575164,0.0037012047
very_long,very_long,0.5744521,3337,0.08762486,0.19418475,0.14373825,0.5744521
medium,medium,0.6143367,3338,0.0014853136,0.6143367,0.37976274,0.004415223
very_long,very_long,0.64315885,3339,0.046384405,0.13098061,0.17947614,0.64315885
very_long,very_long,0.58728933,3340,0.13985926,0.12776615,0.14508529,0.58728933
long,very_long,0.68559057,3341,0.0728187,0.14854391,0.093046844,0.68559057
short,medium,0.88681936,3342,0.00039818272,0.88681936,0.11072814,0.0020543549
long,very_long,0.96016675,3343,0.01949274,0.007679743,0.012660815,0.96016675
short,medium,0.7576408,3344,0.0015809046,0.7576408,0.23733985,0.0034384183
short,short,0.49920306,3345,0.00078362576,0.4986732,0.49920306,0.0013401129
short,medium,0.8403254,3346,0.000117714146,0.8403254,0.15868974,0.00086716673
short,short,0.63110924,3347,0.0007571342,0.36580396,0.63110924,0.0023297113
very_long,very_long,0.963944,3348,0.008930984,0.0076524704,0.019472508,0.963944
medium,very_long,0.96631837,3349,0.006437003,0.006777781,0.020466832,0.96631837
medium,medium,0.7318441,3350,0.00046065004,0.7318441,0.26481417,0.0028811053
medium,short,0.5169022,3351,0.00031718146,0.48094538,0.5169022,0.0018352215
medium,medium,0.56394845,3352,0.0005448569,0.56394845,0.42304063,0.012466052
short,short,0.77235097,3353,0.00054186344,0.22621252,0.77235097,0.00089464016
short,medium,0.5164765,3354,0.00060830184,0.5164765,0.4802463,0.0026688776
short,medium,0.8568125,3355,0.00044226248,0.8568125,0.1409348,0.0018105053
very_long,very_long,0.621385,3356,0.3501932,0.0134044085,0.015017462,0.621385
short,short,0.5910082,3357,0.00020241458,0.40672407,0.5910082,0.0020653652
very_long,very_long,0.9105253,3358,0.03720809,0.01480837,0.037458234,0.9105253
medium,medium,0.716017,3359,0.00080535014,0.716017,0.27977246,0.003405207
short,medium,0.54772955,3360,0.00062153017,0.54772955,0.4494296,0.0022193044
short,short,0.66289276,3361,0.0006326153,0.3346708,0.66289276,0.001803792
short,medium,0.76858836,3362,0.00038391264,0.76858836,0.22955155,0.0014761919
short,medium,0.69237876,3363,0.00020681789,0.69237876,0.30518076,0.002233712
short,medium,0.6227679,3364,0.00044217304,0.6227679,0.37378833,0.0030015737
medium,medium,0.8616305,3365,0.00020347921,0.8616305,0.13643464,0.0017313639
medium,short,0.5283223,3366,0.00031038,0.46961993,0.5283223,0.0017474284
medium,very_long,0.9597176,3367,0.0139234355,0.008365151,0.017993864,0.9597176
medium,very_long,0.68292224,3368,0.081362195,0.03830726,0.19740832,0.68292224
short,very_long,0.8570023,3369,0.10647423,0.013402096,0.023121327,0.8570023
very_long,very_long,0.9667644,3370,0.019867642,0.0065906825,0.006777224,0.9667644
very_long,very_long,0.8782746,3371,0.095240384,0.010139205,0.01634584,0.8782746
medium,medium,0.7252727,3372,0.0004577412,0.7252727,0.27306002,0.0012095148
very_long,very_long,0.9678747,3373,0.015066008,0.009450509,0.007608732,0.9678747
long,very_long,0.63343763,3374,0.17678218,0.086898096,0.10288211,0.63343763
medium,very_long,0.8038101,3375,0.030720439,0.07811994,0.08734954,0.8038101
short,very_long,0.93464833,3376,0.01806927,0.014615081,0.032667324,0.93464833
short,very_long,0.7613801,3377,0.058872536,0.11011541,0.06963199,0.7613801
medium,very_long,0.52792627,3378,0.06052257,0.11374328,0.29780787,0.52792627
very_long,very_long,0.95166874,3379,0.03185339,0.0052853646,0.011192473,0.95166874
long,very_long,0.94244695,3380,0.045846008,0.0060018967,0.005705168,0.94244695
short,medium,0.5549422,3381,0.00040168836,0.5549422,0.441725,0.0029311106
very_long,very_long,0.9150145,3382,0.045915138,0.012463948,0.02660637,0.9150145
very_long,very_long,0.8102432,3383,0.023131154,0.111002505,0.05562316,0.8102432
short,very_long,0.8783282,3384,0.058235716,0.026760615,0.03667549,0.8783282
long,very_long,0.6651178,3385,0.08022416,0.1654228,0.08923522,0.6651178
short,very_long,0.8581388,3386,0.019188026,0.01223638,0.11043684,0.8581388
long,very_long,0.48319978,3387,0.34496674,0.066913046,0.10492041,0.48319978
long,very_long,0.60884154,3388,0.044595942,0.059839994,0.28672254,0.60884154
long,very_long,0.5934726,3389,0.057777688,0.06362824,0.2851215,0.5934726
short,medium,0.7917929,3390,0.0006372998,0.7917929,0.20627783,0.0012919396
very_long,very_long,0.91705656,3391,0.04550116,0.018018447,0.019423855,0.91705656
long,long,0.6247465,3392,0.6247465,0.012970417,0.004354073,0.357929
long,very_long,0.63080245,3393,0.14209503,0.093297,0.13380547,0.63080245
short,medium,0.60362905,3394,0.0010984287,0.60362905,0.39294478,0.0023277588
medium,very_long,0.6840328,3395,0.030041937,0.14392324,0.14200203,0.6840328
short,medium,0.6726252,3396,0.0006631488,0.6726252,0.3247411,0.0019706031
short,medium,0.67155445,3397,0.00022601565,0.67155445,0.32630754,0.0019120106
short,medium,0.73136204,3398,0.000425227,0.73136204,0.26600674,0.0022060203
very_long,very_long,0.77428013,3399,0.018138915,0.07046419,0.13711677,0.77428013
short,short,0.52618855,3400,0.00051848637,0.4713279,0.52618855,0.0019650662
short,medium,0.5402423,3401,0.00020548301,0.5402423,0.4579212,0.0016310287
short,medium,0.7232091,3402,0.00013274046,0.7232091,0.2753838,0.0012743698
very_long,very_long,0.8975115,3403,0.031176286,0.020240586,0.05107168,0.8975115
short,very_long,0.5975441,3404,0.014048711,0.307615,0.08079219,0.5975441
very_long,very_long,0.9031116,3405,0.06539676,0.02236985,0.009121773,0.9031116
very_long,very_long,0.967673,3406,0.014704497,0.0073572947,0.01026527,0.967673
very_long,very_long,0.9073624,3407,0.048187032,0.014248129,0.030202448,0.9073624
very_long,very_long,0.92465734,3408,0.01659193,0.02468575,0.034064915,0.92465734
short,very_long,0.9275508,3409,0.022216495,0.029019743,0.021212986,0.9275508
very_long,very_long,0.8761811,3410,0.09375406,0.024721537,0.0053432635,0.8761811
long,very_long,0.9568818,3411,0.015641803,0.013043915,0.014432413,0.9568818
medium,very_long,0.9402639,3412,0.014468825,0.019270822,0.025996357,0.9402639
very_long,very_long,0.95656323,3413,0.0044145505,0.011117395,0.027904883,0.95656323
medium,very_long,0.80455786,3414,0.068817824,0.036888704,0.08973567,0.80455786
medium,very_long,0.9227635,3415,0.018160902,0.029196057,0.029879529,0.9227635
very_long,very_long,0.89227,3416,0.05403686,0.03680994,0.016883153,0.89227
very_long,very_long,0.9074606,3417,0.050867468,0.015283166,0.026388863,0.9074606
medium,very_long,0.7505132,3418,0.08405515,0.10536916,0.060062554,0.7505132
short,very_long,0.9470037,3419,0.01780589,0.018089134,0.017101264,0.9470037
long,very_long,0.93375903,3420,0.019905785,0.012715772,0.03361944,0.93375903
medium,very_long,0.9325084,3421,0.03213379,0.018607484,0.016750338,0.9325084
short,very_long,0.9411354,3422,0.024570283,0.026758393,0.007535928,0.9411354
short,very_long,0.9550654,3423,0.023259744,0.0113999685,0.010274894,0.9550654
medium,very_long,0.8487735,3424,0.03664504,0.032085847,0.08249566,0.8487735
short,very_long,0.81038374,3425,0.039710745,0.036654502,0.113250986,0.81038374
short,very_long,0.70289195,3426,0.068038255,0.110635035,0.11843471,0.70289195
very_long,very_long,0.94850075,3427,0.034186196,0.010412539,0.00690046,0.94850075
very_long,very_long,0.9444686,3428,0.035830416,0.011871194,0.007829756,0.9444686
medium,very_long,0.9412598,3429,0.011576053,0.011975041,0.035189107,0.9412598
short,very_long,0.9309102,3430,0.025606764,0.025183925,0.01829906,0.9309102
very_long,very_long,0.8797989,3431,0.07976804,0.022582684,0.017850408,0.8797989
very_long,very_long,0.9395131,3432,0.024089707,0.01143782,0.024959432,0.9395131
long,very_long,0.5462058,3433,0.07436852,0.15466987,0.22475575,0.5462058
short,very_long,0.70151293,3434,0.054342337,0.07886535,0.16527937,0.70151293
long,very_long,0.90959775,3435,0.038560152,0.016645143,0.03519698,0.90959775
short,very_long,0.75790584,3436,0.17748302,0.022252357,0.04235882,0.75790584
very_long,very_long,0.9107895,3437,0.036701526,0.032681387,0.019827599,0.9107895
short,very_long,0.95487964,3438,0.008260035,0.017820317,0.019040061,0.95487964
very_long,very_long,0.96137345,3439,0.0274522,0.006781413,0.0043929396,0.96137345
very_long,very_long,0.8931606,3440,0.011730995,0.045821786,0.049286593,0.8931606
medium,very_long,0.6530335,3441,0.22498749,0.087957636,0.034021374,0.6530335
long,very_long,0.65800816,3442,0.027113654,0.11591104,0.19896711,0.65800816
medium,very_long,0.7936921,3443,0.0909787,0.047072686,0.06825651,0.7936921
very_long,very_long,0.88958794,3444,0.030774444,0.035417084,0.04422057,0.88958794
very_long,very_long,0.8900427,3445,0.031333003,0.040281314,0.03834293,0.8900427
short,medium,0.6219014,3446,0.00060759264,0.6219014,0.37395763,0.0035334209
short,short,0.52730936,3447,0.0004258824,0.469217,0.52730936,0.0030477473
short,very_long,0.6439064,3448,0.10138623,0.2008603,0.05384701,0.6439064
short,short,0.6017926,3449,0.0005333127,0.39564484,0.6017926,0.002029287
long,very_long,0.3769545,3450,0.099764235,0.218524,0.30475724,0.3769545
short,medium,0.76083076,3451,0.00066221115,0.76083076,0.23633943,0.002167587
short,very_long,0.69374263,3452,0.13370311,0.07978095,0.09277332,0.69374263
medium,medium,0.6278713,3453,0.00043225242,0.6278713,0.369322,0.002374487
short,medium,0.54553014,3454,0.00031325035,0.54553014,0.45326772,0.0008888886
medium,very_long,0.9544521,3455,0.017987274,0.011290032,0.016270535,0.9544521
very_long,very_long,0.63311946,3456,0.18001142,0.108102314,0.078766786,0.63311946
short,very_long,0.4550398,3457,0.056806523,0.28505045,0.2031032,0.4550398
medium,medium,0.65996504,3458,0.0004961285,0.65996504,0.3374141,0.0021247917
short,short,0.55278033,3459,0.0011513302,0.44381312,0.55278033,0.0022552614
short,short,0.50879645,3460,0.00032258837,0.48835292,0.50879645,0.0025280404
long,short,0.45692414,3461,0.10298417,0.16069336,0.45692414,0.2793983
medium,medium,0.71709245,3462,0.00021194856,0.71709245,0.2793729,0.0033226581
short,medium,0.86870235,3463,0.00038778014,0.86870235,0.1293958,0.0015140608
long,long,0.5402618,3464,0.5402618,0.014956239,0.0059666,0.43881541
short,medium,0.66177744,3465,0.00074036425,0.66177744,0.33592224,0.0015599332
medium,medium,0.55111134,3466,0.0010259837,0.55111134,0.44597661,0.0018860645
short,very_long,0.7853057,3467,0.044506393,0.08587539,0.08431253,0.7853057
short,medium,0.8635761,3468,0.00034013175,0.8635761,0.13463947,0.0014442942
medium,medium,0.655225,3469,0.000303287,0.655225,0.34309253,0.0013792026
very_long,very_long,0.9670259,3470,0.013713636,0.008332111,0.010928381,0.9670259
short,short,0.5653046,3471,0.0005749885,0.4330577,0.5653046,0.0010627158
medium,medium,0.6141626,3472,0.0006157346,0.6141626,0.3837785,0.0014431389
medium,medium,0.64872444,3473,0.00029835044,0.64872444,0.34780353,0.0031737033
medium,medium,0.6922361,3474,0.00044535394,0.6922361,0.3052101,0.002108453
medium,medium,0.6129878,3475,0.00024163806,0.6129878,0.3855643,0.0012063124
short,medium,0.54517305,3476,0.0017185931,0.54517305,0.4381795,0.014928869
short,medium,0.77062935,3477,0.00038065854,0.77062935,0.2277089,0.0012810633
very_long,very_long,0.69601053,3478,0.030162567,0.08916216,0.18466471,0.69601053
short,very_long,0.6382188,3479,0.019487666,0.24675816,0.0955353,0.6382188
medium,medium,0.63359314,3480,0.00043237882,0.63359314,0.3616182,0.0043562935
medium,very_long,0.95772445,3481,0.0068795127,0.0062691206,0.029126892,0.95772445
long,medium,0.5558637,3482,0.017420236,0.5558637,0.030557273,0.39615878
long,very_long,0.8968275,3483,0.022191115,0.038504012,0.042477313,0.8968275
medium,medium,0.8220445,3484,0.00044618655,0.8220445,0.17518446,0.0023248924
short,medium,0.7233649,3485,0.00047179882,0.7233649,0.27412403,0.0020392986
short,medium,0.64606607,3486,0.0007550821,0.64606607,0.35168108,0.0014977313
short,short,0.7865395,3487,0.0007239876,0.21070132,0.7865395,0.002035255
short,medium,0.75987095,3488,0.00047759197,0.75987095,0.23810115,0.0015503428
medium,medium,0.49046504,3489,0.035139512,0.49046504,0.4144423,0.059953086
short,medium,0.83891505,3490,0.0005062278,0.83891505,0.1586032,0.001975476
short,medium,0.58717954,3491,0.0017582739,0.58717954,0.40676355,0.0042986386
short,medium,0.7887539,3492,0.000151865,0.7887539,0.20978263,0.0013116068
short,medium,0.8421352,3493,0.00014739968,0.8421352,0.15616494,0.0015524365
short,very_long,0.6633147,3494,0.022166153,0.05967581,0.25484332,0.6633147
short,very_long,0.7808467,3495,0.10406234,0.023534719,0.09155619,0.7808467
very_long,very_long,0.87370515,3496,0.036265563,0.014874014,0.0751553,0.87370515
short,short,0.5519512,3497,0.00121609,0.44452423,0.5519512,0.0023084367
